Terminal;Contrato;Cliente;Destino;CNPJ Destino;Mercadoria_generica;Identificador;Serie;Data de carregamento;Faturado em;Peso_bruto;Tara;Peso_liquido;Fluxo;Data_descarga;Numero;Serie;Data_emissao;Chave;Peso_declarado;Peso_descarregado;Peso_utilizado;Cnpj_remetente;Remetente;Municipio_remetente;Cnpj_destinatario;Destinatario;Municipio_destinatario;Data_descarga
TRO - RONDONOPOLIS;COFCO/MILHO/TRO-TGRAO;COFCO INTERNATIONAL BRASIL S.A.;212 - MULTICARGO;02.933.023/0002-65;MILHO;527424;HFT;23/11/2020 15:34;28/11/2020 15:53;106140;25419;80721;GN29722;22/11/2020 00:30;4632;1;18/11/2020 15:42;NFe51201106315338020659550010000046321797854590;46680;46680;46650;06.315.338/0206-59;COFCO INTERNATIONAL BRASIL S.A.;NOVA MUTUM;06.315.338/0206-59;COFCO INTERNATIONAL BRASIL S A;NOVA MUTUM;22/11/2020 00:30
TRO - RONDONOPOLIS;COFCO/MILHO/TRO-TGRAO;COFCO INTERNATIONAL BRASIL S.A.;212 - MULTICARGO;02.933.023/0002-65;MILHO;527424;HFT;23/11/2020 15:34;28/11/2020 15:53;106140;25419;80721;GN29722;22/11/2020 00:20;4627;1;18/11/2020 14:35;NFe51201106315338020659550010000046271793415095;47560;47560;4469;06.315.338/0206-59;COFCO INTERNATIONAL BRASIL S.A.;NOVA MUTUM;06.315.338/0206-59;COFCO INTERNATIONAL BRASIL S A;NOVA MUTUM;22/11/2020 00:20
TRO - RONDONOPOLIS;COFCO/MILHO/TRO-TGRAO;COFCO INTERNATIONAL BRASIL S.A.;212 - MULTICARGO;02.933.023/0002-65;MILHO;527424;HFT;23/11/2020 15:34;28/11/2020 15:53;106140;25419;80721;GN29722;22/11/2020 00:38;4685;1;20/11/2020 09:31;NFe51201106315338020659550010000046851871304199;36560;36560;29602;06.315.338/0206-59;COFCO INTERNATIONAL BRASIL S.A.;NOVA MUTUM;06.315.338/0206-59;COFCO INTERNATIONAL BRASIL S A;NOVA MUTUM;22/11/2020 00:38
TRO - RONDONOPOLIS;COFCO/MILHO/TRO-TGRAO;COFCO INTERNATIONAL BRASIL S.A.;212 - MULTICARGO;02.933.023/0002-65;MILHO;326011;HPT;23/11/2020 15:32;28/11/2020 15:53;125140;28739;96401;GN29722;22/11/2020 00:20;4627;1;18/11/2020 14:35;NFe51201106315338020659550010000046271793415095;47560;47560;43091;06.315.338/0206-59;COFCO INTERNATIONAL BRASIL S.A.;NOVA MUTUM;06.315.338/0206-59;COFCO INTERNATIONAL BRASIL S A;NOVA MUTUM;22/11/2020 00:20
TRO - RONDONOPOLIS;COFCO/MILHO/TRO-TGRAO;COFCO INTERNATIONAL BRASIL S.A.;212 - MULTICARGO;02.933.023/0002-65;MILHO;326011;HPT;23/11/2020 15:32;28/11/2020 15:53;125140;28739;96401;GN29722;21/11/2020 23:17;4644;1;18/11/2020 18:10;NFe51201106315338020659550010000046441079589667;47340;47340;47340;06.315.338/0206-59;COFCO INTERNATIONAL BRASIL S.A.;NOVA MUTUM;06.315.338/0206-59;COFCO INTERNATIONAL BRASIL S A;NOVA MUTUM;21/11/2020 23:17
TRO - RONDONOPOLIS;COFCO/MILHO/TRO-TGRAO;COFCO INTERNATIONAL BRASIL S.A.;212 - MULTICARGO;02.933.023/0002-65;MILHO;326011;HPT;23/11/2020 15:32;28/11/2020 15:53;125140;28739;96401;GN29722;21/11/2020 23:00;4663;1;19/11/2020 12:10;NFe51201106315338020659550010000046631578690466;50520;50520;5970;06.315.338/0206-59;COFCO INTERNATIONAL BRASIL S.A.;NOVA MUTUM;06.315.338/0206-59;COFCO INTERNATIONAL BRASIL S A;NOVA MUTUM;21/11/2020 23:00
TRO - RONDONOPOLIS;COFCO/MILHO/TRO-TGRAO;COFCO INTERNATIONAL BRASIL S.A.;212 - MULTICARGO;02.933.023/0002-65;MILHO;985902;HFT;23/11/2020 15:28;27/11/2020 16:55;125835;30405;95430;GN29722;21/11/2020 22:08;4623;1;18/11/2020 12:50;NFe51201106315338020659550010000046231679670813;50900;50900;50900;06.315.338/0206-59;COFCO INTERNATIONAL BRASIL S.A.;NOVA MUTUM;06.315.338/0206-59;COFCO INTERNATIONAL BRASIL S A;NOVA MUTUM;21/11/2020 22:08
TRO - RONDONOPOLIS;COFCO/MILHO/TRO-TGRAO;COFCO INTERNATIONAL BRASIL S.A.;212 - MULTICARGO;02.933.023/0002-65;MILHO;985902;HFT;23/11/2020 15:28;27/11/2020 16:55;125835;30405;95430;GN29722;21/11/2020 23:00;4663;1;19/11/2020 12:10;NFe51201106315338020659550010000046631578690466;50520;50520;44530;06.315.338/0206-59;COFCO INTERNATIONAL BRASIL S.A.;NOVA MUTUM;06.315.338/0206-59;COFCO INTERNATIONAL BRASIL S A;NOVA MUTUM;21/11/2020 23:00
TRO - RONDONOPOLIS;COFCO/MILHO/TRO-TGRAO;COFCO INTERNATIONAL BRASIL S.A.;212 - MULTICARGO;02.933.023/0002-65;MILHO;300004;HPT;22/11/2020 00:41;25/11/2020 10:31;125122;29650;95472;GN29722;24/11/2020 23:45;4816;1;23/11/2020 17:22;NFe51201106315338020659550010000048161031129921;50200;50200;732;06.315.338/0206-59;COFCO INTERNATIONAL BRASIL S.A.;NOVA MUTUM;06.315.338/0206-59;COFCO INTERNATIONAL BRASIL S A;NOVA MUTUM;24/11/2020 23:45
TRO - RONDONOPOLIS;COFCO/MILHO/TRO-TGRAO;COFCO INTERNATIONAL BRASIL S.A.;212 - MULTICARGO;02.933.023/0002-65;MILHO;300004;HPT;22/11/2020 00:41;25/11/2020 10:31;125122;29650;95472;GN29722;24/11/2020 22:07;4799;1;23/11/2020 12:45;NFe51201106315338020659550010000047991412687161;47040;47040;47040;06.315.338/0206-59;COFCO INTERNATIONAL BRASIL S.A.;NOVA MUTUM;06.315.338/0206-59;COFCO INTERNATIONAL BRASIL S A;NOVA MUTUM;24/11/2020 22:07
TRO - RONDONOPOLIS;COFCO/MILHO/TRO-TGRAO;COFCO INTERNATIONAL BRASIL S.A.;212 - MULTICARGO;02.933.023/0002-65;MILHO;300004;HPT;22/11/2020 00:41;25/11/2020 10:31;125122;29650;95472;GN29722;24/11/2020 22:20;4804;1;23/11/2020 15:21;NFe51201106315338020659550010000048041510600305;47740;47740;47700;06.315.338/0206-59;COFCO INTERNATIONAL BRASIL S.A.;NOVA MUTUM;06.315.338/0206-59;COFCO INTERNATIONAL BRASIL S A;NOVA MUTUM;24/11/2020 22:20
TRO - RONDONOPOLIS;COFCO/MILHO/TRO-TGRAO;COFCO INTERNATIONAL BRASIL S.A.;212 - MULTICARGO;02.933.023/0002-65;MILHO;309001;HPT;22/11/2020 00:46;25/11/2020 10:31;125220;28200;97020;GN29722;25/11/2020 01:23;4813;1;23/11/2020 17:10;NFe51201106315338020659550010000048131393666169;48720;48720;2696;06.315.338/0206-59;COFCO INTERNATIONAL BRASIL S.A.;NOVA MUTUM;06.315.338/0206-59;COFCO INTERNATIONAL BRASIL S A;NOVA MUTUM;25/11/2020 01:23
TRO - RONDONOPOLIS;COFCO/MILHO/TRO-TGRAO;COFCO INTERNATIONAL BRASIL S.A.;212 - MULTICARGO;02.933.023/0002-65;MILHO;309001;HPT;22/11/2020 00:46;25/11/2020 10:31;125220;28200;97020;GN29722;25/11/2020 01:12;4789;1;23/11/2020 11:03;NFe51201106315338020659550010000047891583165864;48140;48140;48140;06.315.338/0206-59;COFCO INTERNATIONAL BRASIL S.A.;NOVA MUTUM;06.315.338/0206-59;COFCO INTERNATIONAL BRASIL S A;NOVA MUTUM;25/11/2020 01:12
TRO - RONDONOPOLIS;COFCO/MILHO/TRO-TGRAO;COFCO INTERNATIONAL BRASIL S.A.;212 - MULTICARGO;02.933.023/0002-65;MILHO;309001;HPT;22/11/2020 00:46;25/11/2020 10:31;125220;28200;97020;GN29722;25/11/2020 00:58;4785;1;23/11/2020 10:14;NFe51201106315338020659550010000047851844297166;46600;46600;46184;06.315.338/0206-59;COFCO INTERNATIONAL BRASIL S.A.;NOVA MUTUM;06.315.338/0206-59;COFCO INTERNATIONAL BRASIL S A;NOVA MUTUM;25/11/2020 00:58
TRO - RONDONOPOLIS;COFCO/MILHO/TRO-TGRAO;COFCO INTERNATIONAL BRASIL S.A.;212 - MULTICARGO;02.933.023/0002-65;MILHO;319937;HPT;22/11/2020 01:17;25/11/2020 10:31;125040;27948;97092;GN29403;09/11/2020 02:27;4308;1;07/11/2020 10:36;NFe51201106315338020659550010000043081365360681;49080;49080;423;06.315.338/0206-59;COFCO INTERNATIONAL BRASIL S.A.;NOVA MUTUM;06.315.338/0206-59;COFCO INTERNATIONAL BRASIL S A;NOVA MUTUM;09/11/2020 02:27
TRO - RONDONOPOLIS;COFCO/MILHO/TRO-TGRAO;COFCO INTERNATIONAL BRASIL S.A.;212 - MULTICARGO;02.933.023/0002-65;MILHO;319937;HPT;22/11/2020 01:17;25/11/2020 10:31;125040;27948;97092;GN29403;09/11/2020 09:41;4276;1;05/11/2020 20:22;NFe51201106315338020659550010000042761673996212;49160;49160;47449;06.315.338/0206-59;COFCO INTERNATIONAL BRASIL S.A.;NOVA MUTUM;06.315.338/0206-59;COFCO INTERNATIONAL BRASIL S A;NOVA MUTUM;09/11/2020 09:41
TRO - RONDONOPOLIS;COFCO/MILHO/TRO-TGRAO;COFCO INTERNATIONAL BRASIL S.A.;212 - MULTICARGO;02.933.023/0002-65;MILHO;319937;HPT;22/11/2020 01:17;25/11/2020 10:31;125040;27948;97092;GN29403;09/11/2020 05:13;4278;1;05/11/2020 21:00;NFe51201106315338020659550010000042781786144674;49220;49220;49220;06.315.338/0206-59;COFCO INTERNATIONAL BRASIL S.A.;NOVA MUTUM;06.315.338/0206-59;COFCO INTERNATIONAL BRASIL S A;NOVA MUTUM;09/11/2020 05:13
TRO - RONDONOPOLIS;COFCO/MILHO/TRO-TGRAO;COFCO INTERNATIONAL BRASIL S.A.;212 - MULTICARGO;02.933.023/0002-65;MILHO;337196;HPT;22/11/2020 01:07;25/11/2020 10:31;125080;28630;96450;GN29403;08/11/2020 13:07;4260;1;05/11/2020 14:52;NFe51201106315338020659550010000042601076092011;50620;50620;17865;06.315.338/0206-59;COFCO INTERNATIONAL BRASIL S.A.;NOVA MUTUM;06.315.338/0206-59;COFCO INTERNATIONAL BRASIL S A;NOVA MUTUM;08/11/2020 13:07
TRO - RONDONOPOLIS;COFCO/MILHO/TRO-TGRAO;COFCO INTERNATIONAL BRASIL S.A.;212 - MULTICARGO;02.933.023/0002-65;MILHO;337196;HPT;22/11/2020 01:07;25/11/2020 10:31;125080;28630;96450;GN29403;08/11/2020 11:49;4296;1;06/11/2020 17:33;NFe51201106315338020659550010000042961119055638;36170;36170;29965;06.315.338/0206-59;COFCO INTERNATIONAL BRASIL S.A.;NOVA MUTUM;06.315.338/0206-59;COFCO INTERNATIONAL BRASIL S A;NOVA MUTUM;08/11/2020 11:49
TRO - RONDONOPOLIS;COFCO/MILHO/TRO-TGRAO;COFCO INTERNATIONAL BRASIL S.A.;212 - MULTICARGO;02.933.023/0002-65;MILHO;337196;HPT;22/11/2020 01:07;25/11/2020 10:31;125080;28630;96450;GN29403;08/11/2020 12:46;4290;1;06/11/2020 15:54;NFe51201106315338020659550010000042901830318711;48680;48680;48620;06.315.338/0206-59;COFCO INTERNATIONAL BRASIL S.A.;NOVA MUTUM;06.315.338/0206-59;COFCO INTERNATIONAL BRASIL S A;NOVA MUTUM;08/11/2020 12:46
TRO - RONDONOPOLIS;COFCO/MILHO/TRO-TGRAO;COFCO INTERNATIONAL BRASIL S.A.;212 - MULTICARGO;02.933.023/0002-65;MILHO;337374;HPT;22/11/2020 00:48;25/11/2020 10:31;125093;28693;96400;GN29722;25/11/2020 02:08;4786;1;23/11/2020 10:19;NFe51201106315338020659550010000047861500278737;48840;48840;866;06.315.338/0206-59;COFCO INTERNATIONAL BRASIL S.A.;NOVA MUTUM;06.315.338/0206-59;COFCO INTERNATIONAL BRASIL S A;NOVA MUTUM;25/11/2020 02:08
TRO - RONDONOPOLIS;COFCO/MILHO/TRO-TGRAO;COFCO INTERNATIONAL BRASIL S.A.;212 - MULTICARGO;02.933.023/0002-65;MILHO;337374;HPT;22/11/2020 00:48;25/11/2020 10:31;125093;28693;96400;GN29722;25/11/2020 01:33;4806;1;23/11/2020 15:44;NFe51201106315338020659550010000048061233785718;49560;49560;49510;06.315.338/0206-59;COFCO INTERNATIONAL BRASIL S.A.;NOVA MUTUM;06.315.338/0206-59;COFCO INTERNATIONAL BRASIL S A;NOVA MUTUM;25/11/2020 01:33
TRO - RONDONOPOLIS;COFCO/MILHO/TRO-TGRAO;COFCO INTERNATIONAL BRASIL S.A.;212 - MULTICARGO;02.933.023/0002-65;MILHO;337374;HPT;22/11/2020 00:48;25/11/2020 10:31;125093;28693;96400;GN29722;25/11/2020 01:23;4813;1;23/11/2020 17:10;NFe51201106315338020659550010000048131393666169;48720;48720;46024;06.315.338/0206-59;COFCO INTERNATIONAL BRASIL S.A.;NOVA MUTUM;06.315.338/0206-59;COFCO INTERNATIONAL BRASIL S A;NOVA MUTUM;25/11/2020 01:23
TRO - RONDONOPOLIS;COFCO/MILHO/TRO-TGRAO;COFCO INTERNATIONAL BRASIL S.A.;212 - MULTICARGO;02.933.023/0002-65;MILHO;552011;HFT;22/11/2020 01:15;25/11/2020 10:31;125200;28560;96640;GN29403;09/11/2020 02:27;4308;1;07/11/2020 10:36;NFe51201106315338020659550010000043081365360681;49080;49080;48627;06.315.338/0206-59;COFCO INTERNATIONAL BRASIL S.A.;NOVA MUTUM;06.315.338/0206-59;COFCO INTERNATIONAL BRASIL S A;NOVA MUTUM;09/11/2020 02:27
TRO - RONDONOPOLIS;COFCO/MILHO/TRO-TGRAO;COFCO INTERNATIONAL BRASIL S.A.;212 - MULTICARGO;02.933.023/0002-65;MILHO;552011;HFT;22/11/2020 01:15;25/11/2020 10:31;125200;28560;96640;GN29403;09/11/2020 01:24;4274;1;05/11/2020 19:44;NFe51201106315338020659550010000042741165650163;50560;50560;48013;06.315.338/0206-59;COFCO INTERNATIONAL BRASIL S.A.;NOVA MUTUM;06.315.338/0206-59;COFCO INTERNATIONAL BRASIL S A;NOVA MUTUM;09/11/2020 01:24
TRO - RONDONOPOLIS;COFCO/MILHO/TRO-TGRAO;COFCO INTERNATIONAL BRASIL S.A.;212 - MULTICARGO;02.933.023/0002-65;MILHO;8402728;HPT;22/11/2020 01:24;25/11/2020 10:31;125220;28720;96500;GN29403;09/11/2020 11:09;4293;1;06/11/2020 16:07;NFe51201106315338020659550010000042931268979767;50420;50420;8526;06.315.338/0206-59;COFCO INTERNATIONAL BRASIL S.A.;NOVA MUTUM;06.315.338/0206-59;COFCO INTERNATIONAL BRASIL S A;NOVA MUTUM;09/11/2020 11:09
TRO - RONDONOPOLIS;COFCO/MILHO/TRO-TGRAO;COFCO INTERNATIONAL BRASIL S.A.;212 - MULTICARGO;02.933.023/0002-65;MILHO;8402728;HPT;22/11/2020 01:24;25/11/2020 10:31;125220;28720;96500;GN29403;09/11/2020 11:16;4292;1;06/11/2020 16:03;NFe51201106315338020659550010000042921503620282;51050;51050;51010;06.315.338/0206-59;COFCO INTERNATIONAL BRASIL S.A.;NOVA MUTUM;06.315.338/0206-59;COFCO INTERNATIONAL BRASIL S A;NOVA MUTUM;09/11/2020 11:16
TRO - RONDONOPOLIS;COFCO/MILHO/TRO-TGRAO;COFCO INTERNATIONAL BRASIL S.A.;212 - MULTICARGO;02.933.023/0002-65;MILHO;8402728;HPT;22/11/2020 01:24;25/11/2020 10:31;125220;28720;96500;GN29403;09/11/2020 12:14;4275;1;05/11/2020 20:16;NFe51201106315338020659550010000042751690027730;50460;50460;36964;06.315.338/0206-59;COFCO INTERNATIONAL BRASIL S.A.;NOVA MUTUM;06.315.338/0206-59;COFCO INTERNATIONAL BRASIL S A;NOVA MUTUM;09/11/2020 12:14
TRO - RONDONOPOLIS;COFCO/MILHO/TRO-TGRAO;COFCO INTERNATIONAL BRASIL S.A.;212 - MULTICARGO;02.933.023/0002-65;MILHO;8402884;HPT;22/11/2020 00:45;25/11/2020 10:31;125100;28696;96404;GN29722;24/11/2020 23:45;4816;1;23/11/2020 17:22;NFe51201106315338020659550010000048161031129921;50200;50200;49338;06.315.338/0206-59;COFCO INTERNATIONAL BRASIL S.A.;NOVA MUTUM;06.315.338/0206-59;COFCO INTERNATIONAL BRASIL S A;NOVA MUTUM;24/11/2020 23:45
TRO - RONDONOPOLIS;COFCO/MILHO/TRO-TGRAO;COFCO INTERNATIONAL BRASIL S.A.;212 - MULTICARGO;02.933.023/0002-65;MILHO;8402884;HPT;22/11/2020 00:45;25/11/2020 10:31;125100;28696;96404;GN29722;25/11/2020 00:58;4785;1;23/11/2020 10:14;NFe51201106315338020659550010000047851844297166;46600;46600;416;06.315.338/0206-59;COFCO INTERNATIONAL BRASIL S.A.;NOVA MUTUM;06.315.338/0206-59;COFCO INTERNATIONAL BRASIL S A;NOVA MUTUM;25/11/2020 00:58
TRO - RONDONOPOLIS;COFCO/MILHO/TRO-TGRAO;COFCO INTERNATIONAL BRASIL S.A.;212 - MULTICARGO;02.933.023/0002-65;MILHO;8402884;HPT;22/11/2020 00:45;25/11/2020 10:31;125100;28696;96404;GN29722;25/11/2020 00:19;4783;1;23/11/2020 10:08;NFe51201106315338020659550010000047831158236620;46660;46660;46650;06.315.338/0206-59;COFCO INTERNATIONAL BRASIL S.A.;NOVA MUTUM;06.315.338/0206-59;COFCO INTERNATIONAL BRASIL S A;NOVA MUTUM;25/11/2020 00:19
TRO - RONDONOPOLIS;COFCO/MILHO/TRO-TGRAO;COFCO INTERNATIONAL BRASIL S.A.;212 - MULTICARGO;02.933.023/0002-65;MILHO;8403333;HPT;22/11/2020 01:19;25/11/2020 10:31;125060;28795;96265;GN29403;09/11/2020 10:08;4277;1;05/11/2020 20:24;NFe51201106315338020659550010000042771253525966;49400;49400;44274;06.315.338/0206-59;COFCO INTERNATIONAL BRASIL S.A.;NOVA MUTUM;06.315.338/0206-59;COFCO INTERNATIONAL BRASIL S A;NOVA MUTUM;09/11/2020 10:08
TRO - RONDONOPOLIS;COFCO/MILHO/TRO-TGRAO;COFCO INTERNATIONAL BRASIL S.A.;212 - MULTICARGO;02.933.023/0002-65;MILHO;8403333;HPT;22/11/2020 01:19;25/11/2020 10:31;125060;28795;96265;GN29403;09/11/2020 09:41;4276;1;05/11/2020 20:22;NFe51201106315338020659550010000042761673996212;49160;49160;1711;06.315.338/0206-59;COFCO INTERNATIONAL BRASIL S.A.;NOVA MUTUM;06.315.338/0206-59;COFCO INTERNATIONAL BRASIL S A;NOVA MUTUM;09/11/2020 09:41
TRO - RONDONOPOLIS;COFCO/MILHO/TRO-TGRAO;COFCO INTERNATIONAL BRASIL S.A.;212 - MULTICARGO;02.933.023/0002-65;MILHO;8403333;HPT;22/11/2020 01:19;25/11/2020 10:31;125060;28795;96265;GN29403;09/11/2020 10:06;4303;1;07/11/2020 10:18;NFe51201106315338020659550010000043031598378625;50340;50340;50280;06.315.338/0206-59;COFCO INTERNATIONAL BRASIL S.A.;NOVA MUTUM;06.315.338/0206-59;COFCO INTERNATIONAL BRASIL S A;NOVA MUTUM;09/11/2020 10:06
TRO - RONDONOPOLIS;COFCO/MILHO/TRO-TGRAO;COFCO INTERNATIONAL BRASIL S.A.;212 - MULTICARGO;02.933.023/0002-65;MILHO;8403821;HPT;22/11/2020 00:59;25/11/2020 10:31;125000;28720;96280;GN29722;25/11/2020 06:06;4807;1;23/11/2020 15:50;NFe51201106315338020659550010000048071850240625;49040;49040;2836;06.315.338/0206-59;COFCO INTERNATIONAL BRASIL S.A.;NOVA MUTUM;06.315.338/0206-59;COFCO INTERNATIONAL BRASIL S A;NOVA MUTUM;25/11/2020 06:06
TRO - RONDONOPOLIS;COFCO/MILHO/TRO-TGRAO;COFCO INTERNATIONAL BRASIL S.A.;212 - MULTICARGO;02.933.023/0002-65;MILHO;8403821;HPT;22/11/2020 00:59;25/11/2020 10:31;125000;28720;96280;GN29722;25/11/2020 04:42;4795;1;23/11/2020 12:15;NFe51201106315338020659550010000047951867944326;47280;47280;44484;06.315.338/0206-59;COFCO INTERNATIONAL BRASIL S.A.;NOVA MUTUM;06.315.338/0206-59;COFCO INTERNATIONAL BRASIL S A;NOVA MUTUM;25/11/2020 04:42
TRO - RONDONOPOLIS;COFCO/MILHO/TRO-TGRAO;COFCO INTERNATIONAL BRASIL S.A.;212 - MULTICARGO;02.933.023/0002-65;MILHO;8403821;HPT;22/11/2020 00:59;25/11/2020 10:31;125000;28720;96280;GN29722;25/11/2020 05:57;4794;1;23/11/2020 11:42;NFe51201106315338020659550010000047941257833477;48960;48960;48960;06.315.338/0206-59;COFCO INTERNATIONAL BRASIL S.A.;NOVA MUTUM;06.315.338/0206-59;COFCO INTERNATIONAL BRASIL S A;NOVA MUTUM;25/11/2020 05:57
TRO - RONDONOPOLIS;COFCO/MILHO/TRO-TGRAO;COFCO INTERNATIONAL BRASIL S.A.;212 - MULTICARGO;02.933.023/0002-65;MILHO;8406405;HPT;22/11/2020 01:22;25/11/2020 10:31;125120;28670;96450;GN29403;09/11/2020 10:08;4277;1;05/11/2020 20:24;NFe51201106315338020659550010000042771253525966;49400;49400;5126;06.315.338/0206-59;COFCO INTERNATIONAL BRASIL S.A.;NOVA MUTUM;06.315.338/0206-59;COFCO INTERNATIONAL BRASIL S A;NOVA MUTUM;09/11/2020 10:08
TRO - RONDONOPOLIS;COFCO/MILHO/TRO-TGRAO;COFCO INTERNATIONAL BRASIL S.A.;212 - MULTICARGO;02.933.023/0002-65;MILHO;8406405;HPT;22/11/2020 01:22;25/11/2020 10:31;125120;28670;96450;GN29403;09/11/2020 10:45;4307;1;07/11/2020 10:29;NFe51201106315338020659550010000043071214730652;49530;49530;49430;06.315.338/0206-59;COFCO INTERNATIONAL BRASIL S.A.;NOVA MUTUM;06.315.338/0206-59;COFCO INTERNATIONAL BRASIL S A;NOVA MUTUM;09/11/2020 10:45
TRO - RONDONOPOLIS;COFCO/MILHO/TRO-TGRAO;COFCO INTERNATIONAL BRASIL S.A.;212 - MULTICARGO;02.933.023/0002-65;MILHO;8406405;HPT;22/11/2020 01:22;25/11/2020 10:31;125120;28670;96450;GN29403;09/11/2020 11:09;4293;1;06/11/2020 16:07;NFe51201106315338020659550010000042931268979767;50420;50420;41894;06.315.338/0206-59;COFCO INTERNATIONAL BRASIL S.A.;NOVA MUTUM;06.315.338/0206-59;COFCO INTERNATIONAL BRASIL S A;NOVA MUTUM;09/11/2020 11:09
TRO - RONDONOPOLIS;COFCO/MILHO/TRO-TGRAO;COFCO INTERNATIONAL BRASIL S.A.;212 - MULTICARGO;02.933.023/0002-65;MILHO;8412910;HFT;22/11/2020 01:05;25/11/2020 10:31;120140;25980;94160;GN29722;25/11/2020 06:14;4676;1;19/11/2020 16:21;NFe51201106315338020659550010000046761729963790;31260;31260;31250;06.315.338/0206-59;COFCO INTERNATIONAL BRASIL S.A.;NOVA MUTUM;06.315.338/0206-59;COFCO INTERNATIONAL BRASIL S A;NOVA MUTUM;25/11/2020 06:14
TRO - RONDONOPOLIS;COFCO/MILHO/TRO-TGRAO;COFCO INTERNATIONAL BRASIL S.A.;212 - MULTICARGO;02.933.023/0002-65;MILHO;8412910;HFT;22/11/2020 01:05;25/11/2020 10:31;120140;25980;94160;GN29722;25/11/2020 06:06;4807;1;23/11/2020 15:50;NFe51201106315338020659550010000048071850240625;49040;49040;46124;06.315.338/0206-59;COFCO INTERNATIONAL BRASIL S.A.;NOVA MUTUM;06.315.338/0206-59;COFCO INTERNATIONAL BRASIL S A;NOVA MUTUM;25/11/2020 06:06
TRO - RONDONOPOLIS;COFCO/MILHO/TRO-TGRAO;COFCO INTERNATIONAL BRASIL S.A.;212 - MULTICARGO;02.933.023/0002-65;MILHO;8412910;HFT;22/11/2020 01:05;25/11/2020 10:31;120140;25980;94160;GN29403;08/11/2020 11:35;4250;1;05/11/2020 12:05;NFe51201106315338020659550010000042501499738849;49270;49270;10581;06.315.338/0206-59;COFCO INTERNATIONAL BRASIL S.A.;NOVA MUTUM;06.315.338/0206-59;COFCO INTERNATIONAL BRASIL S A;NOVA MUTUM;08/11/2020 11:35
TRO - RONDONOPOLIS;COFCO/MILHO/TRO-TGRAO;COFCO INTERNATIONAL BRASIL S.A.;212 - MULTICARGO;02.933.023/0002-65;MILHO;8417288;HFT;22/11/2020 01:12;25/11/2020 10:31;125316;30274;95042;GN29403;08/11/2020 23:08;4285;1;06/11/2020 11:44;NFe51201106315338020659550010000042851126174813;50200;50200;8947;06.315.338/0206-59;COFCO INTERNATIONAL BRASIL S.A.;NOVA MUTUM;06.315.338/0206-59;COFCO INTERNATIONAL BRASIL S A;NOVA MUTUM;08/11/2020 23:08
TRO - RONDONOPOLIS;COFCO/MILHO/TRO-TGRAO;COFCO INTERNATIONAL BRASIL S.A.;212 - MULTICARGO;02.933.023/0002-65;MILHO;8417288;HFT;22/11/2020 01:12;25/11/2020 10:31;125316;30274;95042;GN29403;08/11/2020 21:16;4295;1;06/11/2020 16:14;NFe51201106315338020659550010000042951009742323;49110;49110;49030;06.315.338/0206-59;COFCO INTERNATIONAL BRASIL S.A.;NOVA MUTUM;06.315.338/0206-59;COFCO INTERNATIONAL BRASIL S A;NOVA MUTUM;08/11/2020 21:16
TRO - RONDONOPOLIS;COFCO/MILHO/TRO-TGRAO;COFCO INTERNATIONAL BRASIL S.A.;212 - MULTICARGO;02.933.023/0002-65;MILHO;8417288;HFT;22/11/2020 01:12;25/11/2020 10:31;125316;30274;95042;GN29403;08/11/2020 18:40;4294;1;06/11/2020 16:10;NFe51201106315338020659550010000042941421589599;49700;49700;37065;06.315.338/0206-59;COFCO INTERNATIONAL BRASIL S.A.;NOVA MUTUM;06.315.338/0206-59;COFCO INTERNATIONAL BRASIL S A;NOVA MUTUM;08/11/2020 18:40
TRO - RONDONOPOLIS;COFCO/MILHO/TRO-TGRAO;COFCO INTERNATIONAL BRASIL S.A.;212 - MULTICARGO;02.933.023/0002-65;MILHO;8419370;HFT;22/11/2020 01:09;25/11/2020 10:31;125200;30200;95000;GN29403;08/11/2020 18:40;4294;1;06/11/2020 16:10;NFe51201106315338020659550010000042941421589599;49700;49700;12635;06.315.338/0206-59;COFCO INTERNATIONAL BRASIL S.A.;NOVA MUTUM;06.315.338/0206-59;COFCO INTERNATIONAL BRASIL S A;NOVA MUTUM;08/11/2020 18:40
TRO - RONDONOPOLIS;COFCO/MILHO/TRO-TGRAO;COFCO INTERNATIONAL BRASIL S.A.;212 - MULTICARGO;02.933.023/0002-65;MILHO;8419370;HFT;22/11/2020 01:09;25/11/2020 10:31;125200;30200;95000;GN29403;08/11/2020 17:48;4289;1;06/11/2020 14:03;NFe51201106315338020659550010000042891497041683;49640;49640;49640;06.315.338/0206-59;COFCO INTERNATIONAL BRASIL S.A.;NOVA MUTUM;06.315.338/0206-59;COFCO INTERNATIONAL BRASIL S A;NOVA MUTUM;08/11/2020 17:48
TRO - RONDONOPOLIS;COFCO/MILHO/TRO-TGRAO;COFCO INTERNATIONAL BRASIL S.A.;212 - MULTICARGO;02.933.023/0002-65;MILHO;8419370;HFT;22/11/2020 01:09;25/11/2020 10:31;125200;30200;95000;GN29403;08/11/2020 13:07;4260;1;05/11/2020 14:52;NFe51201106315338020659550010000042601076092011;50620;50620;32725;06.315.338/0206-59;COFCO INTERNATIONAL BRASIL S.A.;NOVA MUTUM;06.315.338/0206-59;COFCO INTERNATIONAL BRASIL S A;NOVA MUTUM;08/11/2020 13:07
TRO - RONDONOPOLIS;COFCO/MILHO/TRO-TGRAO;COFCO INTERNATIONAL BRASIL S.A.;212 - MULTICARGO;02.933.023/0002-65;MILHO;8421188;HFT;22/11/2020 00:58;25/11/2020 10:31;125355;29945;95410;GN29722;25/11/2020 04:13;4798;1;23/11/2020 12:43;NFe51201106315338020659550010000047981922115065;47220;47220;46980;06.315.338/0206-59;COFCO INTERNATIONAL BRASIL S.A.;NOVA MUTUM;06.315.338/0206-59;COFCO INTERNATIONAL BRASIL S A;NOVA MUTUM;25/11/2020 04:13
TRO - RONDONOPOLIS;COFCO/MILHO/TRO-TGRAO;COFCO INTERNATIONAL BRASIL S.A.;212 - MULTICARGO;02.933.023/0002-65;MILHO;8421188;HFT;22/11/2020 00:58;25/11/2020 10:31;125355;29945;95410;GN29722;25/11/2020 04:42;4795;1;23/11/2020 12:15;NFe51201106315338020659550010000047951867944326;47280;47280;2766;06.315.338/0206-59;COFCO INTERNATIONAL BRASIL S.A.;NOVA MUTUM;06.315.338/0206-59;COFCO INTERNATIONAL BRASIL S A;NOVA MUTUM;25/11/2020 04:42
TRO - RONDONOPOLIS;COFCO/MILHO/TRO-TGRAO;COFCO INTERNATIONAL BRASIL S.A.;212 - MULTICARGO;02.933.023/0002-65;MILHO;8421188;HFT;22/11/2020 00:58;25/11/2020 10:31;125355;29945;95410;GN29722;25/11/2020 03:59;4797;1;23/11/2020 12:40;NFe51201106315338020659550010000047971058792446;47360;47360;45664;06.315.338/0206-59;COFCO INTERNATIONAL BRASIL S.A.;NOVA MUTUM;06.315.338/0206-59;COFCO INTERNATIONAL BRASIL S A;NOVA MUTUM;25/11/2020 03:59
TRO - RONDONOPOLIS;COFCO/MILHO/TRO-TGRAO;COFCO INTERNATIONAL BRASIL S.A.;212 - MULTICARGO;02.933.023/0002-65;MILHO;8422290;HFT;22/11/2020 01:14;25/11/2020 10:31;124880;30370;94510;GN29403;09/11/2020 00:56;4305;1;07/11/2020 10:21;NFe51201106315338020659550010000043051854549114;50740;50740;50710;06.315.338/0206-59;COFCO INTERNATIONAL BRASIL S.A.;NOVA MUTUM;06.315.338/0206-59;COFCO INTERNATIONAL BRASIL S A;NOVA MUTUM;09/11/2020 00:56
TRO - RONDONOPOLIS;COFCO/MILHO/TRO-TGRAO;COFCO INTERNATIONAL BRASIL S.A.;212 - MULTICARGO;02.933.023/0002-65;MILHO;8422290;HFT;22/11/2020 01:14;25/11/2020 10:31;124880;30370;94510;GN29403;09/11/2020 01:24;4274;1;05/11/2020 19:44;NFe51201106315338020659550010000042741165650163;50560;50560;2547;06.315.338/0206-59;COFCO INTERNATIONAL BRASIL S.A.;NOVA MUTUM;06.315.338/0206-59;COFCO INTERNATIONAL BRASIL S A;NOVA MUTUM;09/11/2020 01:24
TRO - RONDONOPOLIS;COFCO/MILHO/TRO-TGRAO;COFCO INTERNATIONAL BRASIL S.A.;212 - MULTICARGO;02.933.023/0002-65;MILHO;8422290;HFT;22/11/2020 01:14;25/11/2020 10:31;124880;30370;94510;GN29403;08/11/2020 23:08;4285;1;06/11/2020 11:44;NFe51201106315338020659550010000042851126174813;50200;50200;41253;06.315.338/0206-59;COFCO INTERNATIONAL BRASIL S.A.;NOVA MUTUM;06.315.338/0206-59;COFCO INTERNATIONAL BRASIL S A;NOVA MUTUM;08/11/2020 23:08
TRO - RONDONOPOLIS;COFCO/MILHO/TRO-TGRAO;COFCO INTERNATIONAL BRASIL S.A.;212 - MULTICARGO;02.933.023/0002-65;MILHO;8443289;HPT;22/11/2020 01:27;25/11/2020 10:31;125160;28740;96420;GN29403;09/11/2020 16:39;4283;1;06/11/2020 10:53;NFe51201106315338020659550010000042831169268653;51020;51020;30377;06.315.338/0206-59;COFCO INTERNATIONAL BRASIL S.A.;NOVA MUTUM;06.315.338/0206-59;COFCO INTERNATIONAL BRASIL S A;NOVA MUTUM;09/11/2020 16:39
TRO - RONDONOPOLIS;COFCO/MILHO/TRO-TGRAO;COFCO INTERNATIONAL BRASIL S.A.;212 - MULTICARGO;02.933.023/0002-65;MILHO;8443289;HPT;22/11/2020 01:27;25/11/2020 10:31;125160;28740;96420;GN29403;09/11/2020 15:08;4309;1;07/11/2020 10:50;NFe51201106315338020659550010000043091641672813;50000;50000;49940;06.315.338/0206-59;COFCO INTERNATIONAL BRASIL S.A.;NOVA MUTUM;06.315.338/0206-59;COFCO INTERNATIONAL BRASIL S A;NOVA MUTUM;09/11/2020 15:08
TRO - RONDONOPOLIS;COFCO/MILHO/TRO-TGRAO;COFCO INTERNATIONAL BRASIL S.A.;212 - MULTICARGO;02.933.023/0002-65;MILHO;8443289;HPT;22/11/2020 01:27;25/11/2020 10:31;125160;28740;96420;GN29403;09/11/2020 14:01;4310;1;07/11/2020 10:54;NFe51201106315338020659550010000043101382218136;50340;50340;16103;06.315.338/0206-59;COFCO INTERNATIONAL BRASIL S.A.;NOVA MUTUM;06.315.338/0206-59;COFCO INTERNATIONAL BRASIL S A;NOVA MUTUM;09/11/2020 14:01
TRO - RONDONOPOLIS;COFCO/MILHO/TRO-TGRAO;COFCO INTERNATIONAL BRASIL S.A.;212 - MULTICARGO;02.933.023/0002-65;MILHO;8444757;HPT;22/11/2020 00:55;25/11/2020 10:31;125220;28940;96280;GN29722;25/11/2020 03:53;4796;1;23/11/2020 12:34;NFe51201106315338020659550010000047961911346732;47160;47160;47080;06.315.338/0206-59;COFCO INTERNATIONAL BRASIL S.A.;NOVA MUTUM;06.315.338/0206-59;COFCO INTERNATIONAL BRASIL S A;NOVA MUTUM;25/11/2020 03:53
TRO - RONDONOPOLIS;COFCO/MILHO/TRO-TGRAO;COFCO INTERNATIONAL BRASIL S.A.;212 - MULTICARGO;02.933.023/0002-65;MILHO;8444757;HPT;22/11/2020 00:55;25/11/2020 10:31;125220;28940;96280;GN29722;25/11/2020 02:08;4786;1;23/11/2020 10:19;NFe51201106315338020659550010000047861500278737;48840;48840;47734;06.315.338/0206-59;COFCO INTERNATIONAL BRASIL S.A.;NOVA MUTUM;06.315.338/0206-59;COFCO INTERNATIONAL BRASIL S A;NOVA MUTUM;25/11/2020 02:08
TRO - RONDONOPOLIS;COFCO/MILHO/TRO-TGRAO;COFCO INTERNATIONAL BRASIL S.A.;212 - MULTICARGO;02.933.023/0002-65;MILHO;8444757;HPT;22/11/2020 00:55;25/11/2020 10:31;125220;28940;96280;GN29722;25/11/2020 03:59;4797;1;23/11/2020 12:40;NFe51201106315338020659550010000047971058792446;47360;47360;1466;06.315.338/0206-59;COFCO INTERNATIONAL BRASIL S.A.;NOVA MUTUM;06.315.338/0206-59;COFCO INTERNATIONAL BRASIL S A;NOVA MUTUM;25/11/2020 03:59
TRO - RONDONOPOLIS;COFCO/MILHO/TRO-TGRAO;COFCO INTERNATIONAL BRASIL S.A.;212 - MULTICARGO;02.933.023/0002-65;MILHO;8446784;HPT;22/11/2020 01:26;25/11/2020 10:31;125180;28727;96453;GN29403;09/11/2020 12:27;4299;1;06/11/2020 20:21;NFe51201106315338020659550010000042991044189430;48870;48870;48840;06.315.338/0206-59;COFCO INTERNATIONAL BRASIL S.A.;NOVA MUTUM;06.315.338/0206-59;COFCO INTERNATIONAL BRASIL S A;NOVA MUTUM;09/11/2020 12:27
